model,asi
markowitz,0.8318290353395166
black_litterman,0.001756525275584636
equal_weight,0.0
