model,asi
markowitz,0.677786214370987
black_litterman,0.003181024282615104
equal_weight,0.0
