Model,Alpha,Alpha_t_stat,R_squared,MKT_beta,SMB_beta,HML_beta,MOM_beta,P_value_Alpha
Black-Litterman,-0.00016743729441995596,-1.1925704192327313,0.631358074104573,0.8190801740102891,-0.07681865535732386,0.05650660323181306,0.003159766516891813,0.2331487020980826
Markowitz,-5.762538037709971e-05,-3.54062329053399,0.9945231726858796,0.978077218248983,-0.124505762683933,0.016769161637049845,-0.005537006438622885,0.0004063375268927045
