Model,Alpha,Alpha_t_stat,R_squared,MKT_beta,SMB_beta,HML_beta,MOM_beta,P_value_Alpha
Black-Litterman,-0.0001674373813015773,-1.1925708932512065,0.6313581534854205,0.8190803709373696,-0.0768180173897904,0.056506378526905994,0.0031599074014869943,0.23314851639225986
Markowitz,-0.0002927959058848,-1.4183798448212896,0.48601108842580665,0.9039814558813432,-0.11381974788076975,0.06135799899799465,0.06376917411088988,0.1562021900162822
