Model,Alpha,Alpha_t_stat,R_squared,MKT_beta,SMB_beta,HML_beta,MOM_beta,P_value_Alpha
Black-Litterman,-0.0001674373776618577,-1.1925711902824592,0.6313582336986456,0.8190803301512177,-0.07681816888628301,0.05650661743662055,0.0031600703262251724,0.2331484000246272
Markowitz,-5.762575877984856e-05,-3.5406815925236277,0.9945232874336957,0.9780778198517593,-0.12450484572072681,0.016769058593837306,-0.005536514627859423,0.0004062481995679442
