Model,Alpha,Alpha_t_stat,R_squared,MKT_beta,SMB_beta,HML_beta,MOM_beta,P_value_Alpha
Black-Litterman,-0.00016743721207961794,-1.192570276094148,0.6313582317875988,0.8190801158304711,-0.07681787539243129,0.05650671122325619,0.0031600392254603994,0.23314875817538686
Markowitz,-5.762513876050782e-05,-3.5406107868872603,0.9945231803441632,0.9780771293017226,-0.12450395214520872,0.016769186811435997,-0.005536878435566761,0.00040635668673097235
