Model,Sharpe,Alpha,Turnover,Max Drawdown
Black-Litterman,0.39932490019219047,-0.0001674373813015773,0.0003916960438699569,-0.3509410302799629
Markowitz,0.23770651235521598,-0.0002927959058848,0.012095430777477191,-0.5563423645836331
