Model,Sharpe,Alpha,Turnover,Max Drawdown
Black-Litterman,0.3993250828186207,-0.00016743721207961794,0.0003916960438699569,-0.35094096703059924
Markowitz,0.6947716134284712,-5.762513876050782e-05,0.0003916960438699569,-0.3574587871586419
