Model,Sharpe,Alpha,Turnover,Max Drawdown
Black-Litterman,0.39932506097576337,-0.00016743728016509852,0.0003916960438699569,-0.3509409892374327
Markowitz,0.6947712598945956,-5.762550379629837e-05,0.0003916960438699569,-0.35745871810280533
