Model,Sharpe,Alpha,Turnover,Max Drawdown
Black-Litterman,0.39932497551760077,-0.00016743729441995596,0.0003916960438699569,-0.3509410469447138
Markowitz,0.6947714786149473,-5.762538037709971e-05,0.0003916960438699569,-0.35745864356759227
