Regime,BL Sharpe,Markowitz Sharpe,BL Return,MV Return
Low_Vol,1.456042375254209,1.9432625237322112,0.1654146197889889,0.2231022055662789
High_Vol,-0.6312118106080994,-0.609107997636298,-0.19675462631817156,-0.17582058000734269
