Regime,BL Sharpe,Markowitz Sharpe,BL Return,MV Return
Low_Vol,1.4560434182875075,1.9432666991146839,0.16541473459318792,0.22310248500077048
High_Vol,-0.6312127645551999,-0.6091108978542306,-0.19675497484500365,-0.17582140661356158
