Regime,BL Sharpe,Markowitz Sharpe,BL Return,MV Return
Low_Vol,1.456042700997366,1.9432642466109824,0.16541456273468036,0.22310223890850728
High_Vol,-0.6312110282572381,-0.609107989096138,-0.1967544340455437,-0.17582056640445445
