Regime,BL Sharpe,Markowitz Sharpe,BL Return,MV Return
Low_Vol,1.4560430439803627,1.9432649493246439,0.1654147148468684,0.22310251088383845
High_Vol,-0.6312125543923741,-0.6091111836290837,-0.19675491728880057,-0.17582155424754597
