Analysis,T-Stat,P-Value
SOE vs Private,-0.5637285518059522,0.572955018504421
