Analysis,T-Stat,P-Value
SOE vs Private,-0.563728652897281,0.5729549496978085
