Analysis,T-Stat,P-Value
SOE vs Private,-0.563728590549946,0.5729549921331748
