Tau,Sharpe
0.01,0.3993249947416451
0.05,0.3993249947416451
0.1,0.3993249947416451
0.15,0.3993249947416451
0.2,0.3993249947416451
